Ω√¡°,SPREAD
2003-01-01,-39495.51
2003-01-08,-33745.51
2003-01-15,-29995.51
2003-01-22,-36745.51
2003-01-29,-20495.51
2003-02-01,-20495.76
2003-02-05,-27745.76
2003-02-12,-20741.76
2003-02-19,-34491.76
2003-02-26,-25745.76
2003-03-01,-25745.88
2003-03-05,-23245.88
2003-03-12,-18745.88
2003-03-19,-26995.88
2003-03-26,-25495.88
2003-04-01,-25495.8
2003-04-02,-30495.8
2003-04-09,-21245.8
2003-04-16,-37995.8
2003-04-23,-24495.8
2003-04-30,-37496.8
2003-05-01,-37497.08
2003-05-07,-22247.08
2003-05-14,-30748.08
2003-05-21,-26247.08
2003-05-28,-31996.08
2003-06-01,-31996.31
2003-06-04,-18996.31
2003-06-11,-32496.31
2003-06-18,-22996.31
2003-06-25,-31996.31
2003-07-01,-31996.18
2003-07-02,-25996.18
2003-07-09,-29246.18
2003-07-16,-23996.18
2003-07-23,-31996.18
2003-07-30,-26246.18
2003-08-01,-26246.33
2003-08-06,-18246.33
2003-08-13,-18996.33
2003-08-20,-39496.33
2003-08-27,-28996.33
2003-09-01,-28996.46
2003-09-03,-33246.46
2003-09-10,-22496.46
2003-09-17,-29246.46
2003-09-24,-25996.46
2003-10-01,-36746.5
2003-10-08,-19746.5
2003-10-15,-30246.5
2003-10-22,-25496.5
2003-10-29,-27996.5
2003-11-01,-27996.4
2003-11-05,-18996.4
2003-11-12,-23996.4
2003-11-19,-21996.4
2003-11-26,-33496.4
2003-12-01,-33496.25
2003-12-03,-23496.25
2003-12-10,-29246.25
2003-12-17,-24996.25
2003-12-24,-36496.25
2003-12-31,-43746.25
2004-01-01,-43746.19
2004-01-07,-23996.19
2004-01-14,-23996.19
2004-01-21,-41996.19
2004-01-28,-22996.19
2004-02-01,-22996.39
2004-02-04,-23246.39
2004-02-11,-18746.39
2004-02-18,-23496.39
2004-02-25,-19996.39
2004-03-01,-19996.48
2004-03-03,-23746.48
2004-03-10,-18746.48
2004-03-17,-28746.48
2004-03-24,-19746.48
2004-03-31,-27496.48
2004-04-01,-27496.43
2004-04-07,-19746.43
2004-04-14,-29696.43
2004-04-21,-22746.43
2004-04-28,-37496.43
2004-05-01,-37496.51
2004-05-05,-19996.51
2004-05-12,-27246.51
2004-05-19,-21246.51
2004-05-26,-33746.51
2004-06-01,-33746.51
2004-06-02,-22496.51
2004-06-09,-30246.51
2004-06-16,-18996.51
2004-06-23,-31996.51
2004-06-30,-33496.51
2004-07-01,-33496.49
2004-07-07,-27996.49
2004-07-14,-25496.49
2004-07-21,-25496.49
2004-07-28,-21496.49
2004-08-01,-21496.61
2004-08-04,-16996.61
2004-08-11,-15996.61
2004-08-18,-16496.61
2004-08-25,-24496.61
2004-09-01,-32496.66
2004-09-08,-32996.66
2004-09-15,-35496.66
2004-09-22,-26496.66
2004-09-29,-29496.66
2004-10-01,-29496.78
2004-10-06,-20996.78
2004-10-13,-30246.78
2004-10-20,-21246.78
2004-10-27,-23746.78
2004-11-01,-23746.78
2004-11-03,-20246.78
2004-11-10,-29496.78
2004-11-17,-23996.78
2004-11-24,-38996.78
2004-12-01,-33746.85
2004-12-08,-30496.85
2004-12-15,-28746.85
2004-12-22,-31996.85
2004-12-29,-32996.85
2005-01-01,-32996.79
2005-01-05,-34496.79
2005-01-12,-18246.79
2005-01-19,-22496.79
2005-01-26,-28746.79
2005-02-01,-28746.77
2005-02-02,-24246.77
2005-02-09,-14496.77
2005-02-16,-18496.77
2005-02-23,-25246.77
2005-03-01,-25246.69
2005-03-02,-24246.69
2005-03-09,-21996.69
2005-03-16,-30246.69
2005-03-23,-19246.69
2005-03-30,-31746.69
2005-04-01,-31746.76
2005-04-06,-19996.76
2005-04-13,-28246.76
2005-04-20,-23746.76
2005-04-27,-30746.76
2005-05-01,-30746.79
2005-05-04,-21496.79
2005-05-11,-25996.79
2005-05-18,-23746.79
2005-05-25,-30996.79
2005-06-01,-31496.78
2005-06-08,-30496.78
2005-06-15,-28996.78
2005-06-22,-26246.78
2005-06-29,-25996.78
2005-07-01,-25996.79
2005-07-06,-33996.79
2005-07-13,-25246.79
2005-07-20,-33746.79
2005-07-27,-30996.79
2005-08-01,-30996.76
2005-08-03,-31996.76
2005-08-10,-24496.76
2005-08-17,-28496.76
2005-08-24,-25996.76
2005-08-31,-35496.76
2005-09-01,-35496.67
2005-09-07,-31496.67
2005-09-14,-31996.67
2005-09-21,-20246.67
2005-09-28,-30246.67
2005-10-01,-30246.5
2005-10-05,-18746.5
2005-10-12,-20246.5
2005-10-19,-16246.5
2005-10-26,-21746.5
2005-11-01,-21746.38
2005-11-02,-14496.38
2005-11-09,-24496.38
2005-11-16,-19996.38
2005-11-23,-32496.38
2005-11-30,-35246.38
2005-12-01,-35246.29
2005-12-07,-31996.29
2005-12-14,-28246.29
2005-12-21,-44996.29
2005-12-28,-45246.29
2006-01-01,-45246.15
2006-01-04,-46496.15
2006-01-11,-24996.15
2006-01-18,-23246.15
2006-01-25,-24996.15
2006-02-01,-22996.16
2006-02-08,-19496.16
2006-02-15,-29746.16
2006-02-22,-28996.16
2006-03-01,-27746.1
2006-03-08,-26496.1
2006-03-15,-29746.1
2006-03-22,-25746.1
2006-03-29,-19496.1
2006-04-01,-19496.11
2006-04-05,-19246.11
2006-04-12,-18746.11
2006-04-19,-21246.11
2006-04-26,-26746.11
2006-05-01,-26746.07
2006-05-03,-25746.07
2006-05-10,-20496.07
2006-05-17,-21496.07
2006-05-24,-22496.07
2006-05-31,-30746.07
2006-06-01,-30746.0
2006-06-07,-26746.0
2006-06-14,-24246.0
2006-06-21,-22246.0
2006-06-28,-22496.0
2006-07-01,-22495.9
2006-07-05,-28245.9
2006-07-12,-20745.9
2006-07-19,-28995.9
2006-07-26,-20995.9
2006-08-01,-20995.84
2006-08-02,-27745.84
2006-08-09,-17495.84
2006-08-16,-25245.84
2006-08-23,-19745.84
2006-08-30,-30245.84
2006-09-01,-30245.75
2006-09-06,-19745.75
2006-09-13,-15995.75
2006-09-20,-14995.75
2006-09-27,-27495.75
2006-10-01,-27495.75
2006-10-04,-18245.75
2006-10-11,-28245.75
2006-10-18,-22745.75
2006-10-25,-29995.75
2006-11-01,-24995.68
2006-11-08,-31495.68
2006-11-15,-35245.68
2006-11-22,-42995.68
2006-11-29,-32995.68
2006-12-01,-32995.67
2006-12-06,-31995.67
2006-12-13,-21245.67
2006-12-20,-33495.67
2006-12-27,-35995.67
2007-01-01,-35995.59
2007-01-03,-39745.59
2007-01-10,-21495.59
2007-01-17,-19745.59
2007-01-24,-18995.59
2007-01-31,-31995.59
2007-02-01,-31995.52
2007-02-07,-19745.52
2007-02-14,-29995.52
2007-02-21,-33995.52
2007-02-28,-45245.52
2007-03-01,-45245.59
2007-03-07,-31245.59
2007-03-14,-42995.59
2007-03-21,-29745.59
2007-03-28,-35995.59
2007-04-01,-35995.53
2007-04-04,-27995.53
2007-04-11,-28745.53
2007-04-18,-23995.53
2007-04-25,-37995.53
2007-05-01,-37995.43
2007-05-02,-47995.43
2007-05-09,-28995.43
2007-05-16,-17995.43
2007-05-23,-31245.43
2007-05-30,-30995.43
2007-06-01,-30995.45
2007-06-06,-28495.45
2007-06-13,-21995.45
2007-06-20,-20995.45
2007-06-27,-19995.45
2007-07-01,-19995.4
2007-07-04,-30245.4
2007-07-11,-20495.4
2007-07-18,-27245.4
2007-07-25,-18745.4
2007-08-01,-24745.26
2007-08-08,-18745.26
2007-08-15,-23995.26
2007-08-22,-18995.26
2007-08-29,-33745.26
2007-09-01,-33745.18
2007-09-05,-34995.18
2007-09-12,-44995.18
2007-09-19,-32745.18
2007-09-26,-55995.18
2007-10-01,-55995.18
2007-10-03,-35245.18
2007-10-10,-49995.18
2007-10-17,-36245.18
2007-10-24,-45995.18
2007-10-31,-48495.18
2007-11-01,-48494.92
2007-11-07,-47994.92
2007-11-14,-49494.92
2007-11-21,-54994.92
2007-11-28,-45994.92
2007-12-01,-45994.28
2007-12-05,-46494.28
2007-12-12,-47744.28
2007-12-19,-57744.28
2007-12-26,-42494.28
2008-01-01,-42494.13
2008-01-02,-56744.13
2008-01-09,-30494.13
2008-01-16,-38994.13
2008-01-23,-21994.13
2008-01-30,-49994.13
2008-02-01,-49994.48
2008-02-06,-15494.48
2008-02-13,-27994.48
2008-02-20,-38744.48
2008-02-27,-54494.48
2008-03-01,-54494.68
2008-03-05,-52244.68
2008-03-12,-76994.68
2008-03-19,-61994.68
2008-03-26,-106744.68
2008-04-01,-106744.63
2008-04-02,-75994.63
2008-04-09,-119994.63
2008-04-16,-104244.63
2008-04-23,-109494.63
2008-04-30,-115494.63
2008-05-01,-115494.53
2008-05-07,-130494.53
2008-05-14,-99994.53
2008-05-21,-133994.53
2008-05-28,-114994.53
2008-06-01,-114994.64
2008-06-04,-119744.64
2008-06-11,-118244.64
2008-06-18,-133494.64
2008-06-25,-129744.64
2008-07-01,-129744.48
2008-07-02,-112994.48
2008-07-09,-106994.48
2008-07-16,-116744.48
2008-07-23,-103744.48
2008-07-30,-123244.48
2008-08-01,-123244.37
2008-08-06,-104744.37
2008-08-13,-118244.37
2008-08-20,-100744.37
2008-08-27,-110994.37
2008-09-01,-110994.41
2008-09-03,-108994.41
2008-09-10,-126744.41
2008-09-17,-97994.41
2008-09-24,-85994.41
2008-10-01,-82994.24
2008-10-08,-99994.24
2008-10-15,-79994.24
2008-10-22,-79994.24
2008-10-29,-79994.24
2008-11-01,-79994.26
2008-11-05,-79994.26
2008-11-12,-79994.26
2008-11-19,-79994.26
2008-11-26,-79994.26
2008-12-01,-79994.74
2008-12-03,-79994.74
2008-12-10,-79994.74
2008-12-17,-79994.74
2008-12-24,-79994.74
2008-12-31,-79994.74
2009-01-01,-79996.18
2009-01-07,-59996.18
2009-01-14,-39996.18
2009-01-21,-19996.18
2009-01-28,3.82
2009-02-01,3.56
2009-02-04,3.56
2009-02-11,3.56
2009-02-18,3.56
2009-02-25,3.56
2009-03-01,2.89
2009-03-04,2.89
2009-03-11,2.89
2009-03-18,2.89
2009-03-25,2.89
2009-04-01,2.92
2009-04-08,2.92
2009-04-15,2.92
2009-04-22,2.92
2009-04-29,2.92
2009-05-01,2.9
2009-05-06,2.9
2009-05-13,2.9
2009-05-20,2.9
2009-05-27,2.9
2009-06-01,2.81
2009-06-03,2.81
2009-06-10,2.81
2009-06-17,2.81
2009-06-24,2.81
2009-07-01,2.94
2009-07-08,2.94
2009-07-15,2.94
2009-07-22,2.94
2009-07-29,2.94
2009-08-01,3.0
2009-08-05,3.0
2009-08-12,3.0
2009-08-19,3.0
2009-08-26,3.0
2009-09-01,3.14
2009-09-02,3.14
2009-09-09,3.14
2009-09-16,3.14
2009-09-23,3.14
2009-09-30,3.14
2009-10-01,3.4
2009-10-07,3.4
2009-10-14,3.4
2009-10-21,3.4
2009-10-28,3.4
2009-11-01,3.36
2009-11-04,3.36
2009-11-11,3.36
2009-11-18,3.36
2009-11-25,3.36
2009-12-01,3.59
2009-12-02,3.59
2009-12-09,3.59
2009-12-16,3.59
2009-12-23,3.59
2009-12-30,3.59
2010-01-01,3.55
2010-01-06,3.55
2010-01-13,3.55
2010-01-20,3.55
2010-01-27,3.55
2010-02-01,3.49
2010-02-03,3.49
2010-02-10,3.49
2010-02-17,3.49
2010-02-24,3.49
2010-03-01,3.33
2010-03-03,3.33
2010-03-10,3.33
2010-03-17,3.33
2010-03-24,3.33
2010-03-31,3.33
2010-04-01,3.03
2010-04-07,3.03
2010-04-14,3.03
2010-04-21,3.03
2010-04-28,3.03
2010-05-01,2.93
2010-05-05,2.93
2010-05-12,2.93
2010-05-19,2.93
2010-05-26,2.93
2010-06-01,2.96
2010-06-02,2.96
2010-06-09,2.96
2010-06-16,2.96
2010-06-23,2.96
2010-06-30,2.96
2010-07-01,3.09
2010-07-07,3.09
2010-07-14,3.09
2010-07-21,3.09
2010-07-28,3.09
2010-08-01,3.01
2010-08-04,3.01
2010-08-11,3.01
2010-08-18,3.01
2010-08-25,3.01
2010-09-01,3.07
2010-09-08,3.07
2010-09-15,3.07
2010-09-22,3.07
2010-09-29,3.07
2010-10-01,3.05
2010-10-06,3.05
2010-10-13,3.05
2010-10-20,3.05
2010-10-27,3.05
2010-11-01,3.08
2010-11-03,3.08
2010-11-10,3.08
2010-11-17,3.08
2010-11-24,3.08
2010-12-01,3.2
2010-12-08,3.2
2010-12-15,3.2
2010-12-22,3.2
2010-12-29,3.2
2011-01-01,3.26
2011-01-05,3.26
2011-01-12,3.26
2011-01-19,3.26
2011-01-26,3.26
2011-02-01,3.47
2011-02-02,3.47
2011-02-09,3.47
2011-02-16,3.47
2011-02-23,3.47
2011-03-01,3.6
2011-03-02,3.6
2011-03-09,3.6
2011-03-16,3.6
2011-03-23,3.6
2011-03-30,3.6
2011-04-01,3.71
2011-04-06,3.71
2011-04-13,3.71
2011-04-20,3.71
2011-04-27,3.71
2011-05-01,3.62
2011-05-04,3.62
2011-05-11,3.62
2011-05-18,3.62
2011-05-25,3.62
2011-06-01,3.6
2011-06-08,3.6
2011-06-15,3.6
2011-06-22,3.6
2011-06-29,3.6
2011-07-01,3.76
2011-07-06,3.76
2011-07-13,3.76
2011-07-20,3.76
2011-07-27,3.76
2011-08-01,3.79
2011-08-03,3.79
2011-08-10,3.79
2011-08-17,3.79
2011-08-24,3.79
2011-08-31,3.79
2011-09-01,3.66
2011-09-07,3.66
2011-09-14,3.66
2011-09-21,3.66
2011-09-28,3.66
2011-10-01,3.89
2011-10-05,3.89
2011-10-12,3.89
2011-10-19,3.89
2011-10-26,3.89
2011-11-01,3.86
2011-11-02,3.86
2011-11-09,3.86
2011-11-16,3.86
2011-11-23,3.86
2011-11-30,3.86
2011-12-01,3.71
2011-12-07,3.71
2011-12-14,3.71
2011-12-21,3.71
2011-12-28,3.71
2012-01-01,3.84
2012-01-04,3.84
2012-01-11,3.84
2012-01-18,3.84
2012-01-25,3.84
2012-02-01,3.76
2012-02-08,3.76
2012-02-15,3.76
2012-02-22,3.76
2012-02-29,3.76
2012-03-01,3.79
2012-03-07,3.79
2012-03-14,3.79
2012-03-21,3.79
2012-03-28,3.79
2012-04-01,3.85
2012-04-04,3.85
2012-04-11,3.85
2012-04-18,3.85
2012-04-25,3.85
2012-05-01,3.77
2012-05-02,3.77
2012-05-09,3.77
2012-05-16,3.77
2012-05-23,3.77
2012-05-30,3.77
2012-06-01,3.63
2012-06-06,3.63
2012-06-13,3.63
2012-06-20,3.63
2012-06-27,3.63
2012-07-01,3.42
2012-07-04,3.42
2012-07-11,3.42
2012-07-18,3.42
2012-07-25,3.42
2012-08-01,3.25
2012-08-08,-596.75
2012-08-15,3.25
2012-08-22,3.25
2012-08-29,3.25
2012-09-01,3.24
2012-09-05,3.24
2012-09-12,3.24
2012-09-19,3.24
2012-09-26,3.24
2012-10-01,3.18
2012-10-03,3.18
2012-10-10,3.18
2012-10-17,3.18
2012-10-24,3.18
2012-10-31,3.18
2012-11-01,3.13
2012-11-07,3.13
2012-11-14,3.13
2012-11-21,3.13
2012-11-28,3.13
2012-12-01,3.16
2012-12-05,3.16
2012-12-12,3.16
2012-12-19,3.16
2012-12-26,3.16
2013-01-01,3.06
2013-01-02,3.06
2013-01-09,3.06
2013-01-16,3.06
2013-01-23,3.06
2013-01-30,3.06
2013-02-01,3.02
2013-02-06,3.02
2013-02-13,3.02
2013-02-20,3.02
2013-02-27,3.02
2013-03-01,2.87
2013-03-06,2.87
2013-03-13,2.87
2013-03-20,2.87
2013-03-27,2.87
2013-04-01,2.83
2013-04-03,2.83
2013-04-10,2.83
2013-04-17,2.83
2013-04-24,2.83
2013-05-01,2.81
2013-05-08,2.81
2013-05-15,2.81
2013-05-22,2.81
2013-05-29,2.81
2013-06-01,2.75
2013-06-05,2.75
2013-06-12,2.75
2013-06-19,2.75
2013-06-26,2.75
2013-07-01,2.63
2013-07-03,2.63
2013-07-10,2.63
2013-07-17,2.63
2013-07-24,2.63
2013-07-31,2.63
2013-08-01,2.61
2013-08-07,2.61
2013-08-14,2.61
2013-08-21,2.61
2013-08-28,2.61
2013-09-01,2.65
2013-09-04,2.65
2013-09-11,2.65
2013-09-18,2.65
2013-09-25,2.65
2013-10-01,2.64
2013-10-02,2.64
2013-10-09,2.64
2013-10-16,2.64
2013-10-23,2.64
2013-10-30,2.64
2013-11-01,2.64
2013-11-06,2.64
2013-11-13,2.64
2013-11-20,2.64
2013-11-27,2.64
2013-12-01,2.65
2013-12-04,2.65
2013-12-11,2.65
2013-12-18,2.65
2013-12-25,2.65
2014-01-01,2.64
2014-01-08,2.64
2014-01-15,2.64
2014-01-22,2.64
2014-01-29,2.64
2014-02-01,2.61
2014-02-05,2.61
2014-02-12,2.61
2014-02-19,2.61
2014-02-26,2.61
2014-03-01,2.52
2014-03-05,2.52
2014-03-12,2.52
2014-03-19,2.52
2014-03-26,2.52
2014-04-01,2.59
2014-04-02,2.59
2014-04-09,2.59
2014-04-16,2.59
2014-04-23,2.59
2014-04-30,2.59
2014-05-01,2.6
2014-05-07,2.6
2014-05-14,2.6
2014-05-21,2.6
2014-05-28,2.6
2014-06-01,2.59
2014-06-04,2.59
2014-06-11,2.59
2014-06-18,2.59
2014-06-25,2.59
2014-07-01,2.55
2014-07-02,2.55
2014-07-09,2.55
2014-07-16,2.55
2014-07-23,2.55
2014-07-30,2.55
2014-08-01,2.44
2014-08-06,2.44
2014-08-13,2.44
2014-08-20,2.44
2014-08-27,2.44
2014-09-01,2.34
2014-09-03,2.34
2014-09-10,2.34
2014-09-17,2.34
2014-09-24,2.34
2014-10-01,2.24
2014-10-08,2.24
2014-10-15,2.24
2014-10-22,2.24
2014-10-29,2.24
2014-11-01,2.08
2014-11-05,2.08
2014-11-12,2.08
2014-11-19,2.08
2014-11-26,2.08
2014-12-01,2.16
2014-12-03,2.16
2014-12-10,2.16
2014-12-17,2.16
2014-12-24,2.16
2014-12-31,2.16
2015-01-01,2.13
2015-01-07,2.13
2015-01-14,2.13
2015-01-21,2.13
2015-01-28,2.13
2015-02-01,2.09
2015-02-04,2.09
2015-02-11,2.09
2015-02-18,2.09
2015-02-25,2.09
2015-03-01,1.95
2015-03-04,1.95
2015-03-11,1.95
2015-03-18,1.95
2015-03-25,1.95
2015-04-01,1.84
2015-04-08,1.84
2015-04-15,1.84
2015-04-22,1.84
2015-04-29,1.84
2015-05-01,1.8
2015-05-06,1.8
2015-05-13,1.8
2015-05-20,-618.2
2015-05-27,1.8
2015-06-01,1.66
2015-06-03,1.66
2015-06-10,1.66
2015-06-17,1.66
2015-06-24,1.66
2015-07-01,1.58
2015-07-08,1.58
2015-07-15,1.58
2015-07-22,1.58
2015-07-29,1.58
2015-08-01,1.56
2015-08-05,1.56
2015-08-12,1.56
2015-08-19,1.56
2015-08-26,1.56
2015-09-01,1.54
2015-09-02,1.54
2015-09-09,1.54
2015-09-16,1.54
2015-09-23,1.54
2015-09-30,1.54
2015-10-01,1.52
2015-10-07,1.52
2015-10-14,1.52
2015-10-21,1.52
2015-10-28,1.52
2015-11-01,1.53
2015-11-04,1.53
2015-11-11,1.53
2015-11-18,1.53
2015-11-25,1.53
2015-12-01,1.6
2015-12-02,-588.4
2015-12-09,1.6
2015-12-16,1.6
2015-12-23,1.6
2015-12-30,1.6
2016-01-01,1.57
2016-01-06,1.57
2016-01-13,1.57
2016-01-20,1.57
2016-01-27,1.57
2016-02-01,1.52
2016-02-03,1.52
2016-02-10,1.52
2016-02-17,1.52
2016-02-24,1.52
2016-03-01,1.52
2016-03-02,1.52
2016-03-09,1.52
2016-03-16,1.52
2016-03-23,1.52
2016-03-30,1.52
2016-04-01,1.54
2016-04-06,1.54
2016-04-13,1.54
2016-04-20,1.54
2016-04-27,1.54
2016-05-01,1.55
2016-05-04,1.55
2016-05-11,1.55
2016-05-18,1.55
2016-05-25,-608.45
2016-06-01,1.39
2016-06-08,1.39
2016-06-15,1.39
2016-06-22,1.39
2016-06-29,1.39
2016-07-01,1.28
2016-07-06,1.28
2016-07-13,1.28
2016-07-20,1.28
2016-07-27,1.28
2016-08-01,1.36
2016-08-03,1.36
2016-08-10,1.36
2016-08-17,1.36
2016-08-24,1.36
2016-08-31,1.36
2016-09-01,1.3
2016-09-07,1.3
2016-09-14,1.3
2016-09-21,1.3
2016-09-28,1.3
2016-10-01,1.31
2016-10-05,1.31
2016-10-12,1.31
2016-10-19,1.31
2016-10-26,1.31
2016-11-01,1.36
2016-11-02,1.36
2016-11-09,1.36
2016-11-16,1.36
2016-11-23,1.36
2016-11-30,1.36
2016-12-01,1.52
2016-12-07,-57.48
2016-12-14,1.52
2016-12-21,1.52
2016-12-28,1.52
2017-01-01,1.49
2017-01-04,1.49
2017-01-11,1.49
2017-01-18,1.49
2017-01-25,1.49
2017-02-01,1.46
2017-02-08,1.46
2017-02-15,1.46
2017-02-22,1.46
2017-03-01,1.45
2017-03-08,1.45
2017-03-15,1.45
2017-03-22,1.45
2017-03-29,1.45
2017-04-01,1.43
2017-04-05,1.43
2017-04-12,1.43
2017-04-19,1.43
2017-04-26,1.43
2017-05-01,1.37
2017-05-03,1.37
2017-05-10,-60.63
2017-05-17,1.37
2017-05-24,-60.63
2017-05-31,1.37
2017-06-01,1.43
2017-06-07,1.43
2017-06-14,1.43
2017-06-21,1.43
2017-06-28,1.43
2017-07-01,1.41
2017-07-05,1.41
2017-07-12,1.41
2017-07-19,1.41
2017-07-26,1.41
2017-08-01,1.42
2017-08-02,1.42
2017-08-09,1.42
2017-08-16,1.42
2017-08-23,1.42
2017-08-30,1.42
2017-09-01,1.39
2017-09-06,1.39
2017-09-13,1.39
2017-09-20,1.39
2017-09-27,1.39
2017-10-01,1.41
2017-10-04,1.41
2017-10-11,1.41
2017-10-18,1.41
2017-10-25,1.41
2017-11-01,1.45
2017-11-08,-63.55
2017-11-15,1.45
2017-11-22,1.45
2017-11-29,1.45
2017-12-01,1.69
2017-12-06,1.69
2017-12-13,1.69
2017-12-20,1.69
2017-12-27,1.69
2018-01-01,1.74
2018-01-03,1.74
2018-01-10,1.74
2018-01-17,1.74
2018-01-24,1.74
2018-01-31,1.74
2018-02-01,1.77
2018-02-07,1.77
2018-02-14,1.77
2018-02-21,1.77
2018-02-28,1.77
2018-03-01,1.7
2018-03-07,1.7
2018-03-14,1.7
2018-03-21,1.7
2018-03-28,1.7
2018-04-01,1.78
2018-04-04,1.78
2018-04-11,1.78
2018-04-18,1.78
2018-04-25,1.78
2018-05-01,1.68
2018-05-02,1.68
2018-05-09,-62.32
2018-05-16,-63.32
2018-05-23,1.68
2018-05-30,1.68
2018-06-01,1.75
2018-06-06,1.75
2018-06-13,1.75
2018-06-20,1.75
2018-06-27,1.75
2018-07-01,1.78
2018-07-04,1.78
2018-07-11,1.78
2018-07-18,1.78
2018-07-25,1.78
2018-08-01,1.75
2018-08-08,1.75
2018-08-15,1.75
2018-08-22,1.75
2018-08-29,1.75
2018-09-01,1.8
2018-09-05,1.8
2018-09-12,1.8
2018-09-19,1.8
2018-09-26,1.8
2018-10-01,1.76
2018-10-03,1.76
2018-10-10,1.76
2018-10-17,1.76
2018-10-24,1.76
2018-10-31,1.76
2018-11-01,1.81
2018-11-07,1.81
2018-11-14,1.81
2018-11-21,1.81
2018-11-28,1.81
2018-12-01,1.98
2018-12-05,-64.02
2018-12-12,1.98
2018-12-19,1.98
2018-12-26,1.98
2019-01-01,2.1
2019-01-02,2.1
2019-01-09,2.1
2019-01-16,2.1
2019-01-23,2.1
2019-01-30,2.1
2019-02-01,2.06
2019-02-06,2.06
2019-02-13,2.06
2019-02-20,2.06
2019-02-27,2.06
2019-03-01,2.04
2019-03-06,2.04
2019-03-13,2.04
2019-03-20,2.04
2019-03-27,2.04
2019-04-01,2.03
2019-04-03,2.03
2019-04-10,2.03
2019-04-17,2.03
2019-04-24,2.03
2019-05-01,2.0
2019-05-08,-63.0
2019-05-15,2.0
2019-05-22,2.0
2019-05-29,2.0
2019-06-01,1.94
2019-06-05,1.94
2019-06-12,1.94
2019-06-19,1.94
2019-06-26,1.94
2019-07-01,1.85
2019-07-03,1.85
2019-07-10,1.85
2019-07-17,1.85
2019-07-24,1.85
2019-07-31,1.85
2019-08-01,1.64
2019-08-07,1.64
2019-08-14,1.64
2019-08-21,1.64
2019-08-28,1.64
2019-09-01,1.69
2019-09-04,1.69
2019-09-11,1.69
2019-09-18,-74998.31
2019-09-25,-104998.31
2019-10-01,-104998.29
2019-10-02,-181048.29
2019-10-09,-178648.29
2019-10-16,-197698.29
2019-10-23,-178202.29
2019-10-30,-215498.29
2019-11-01,-215498.29
2019-11-06,-215158.29
2019-11-13,-209607.29
2019-11-20,-199157.29
2019-11-27,-207241.29
2019-12-01,-207241.27
2019-12-04,-208005.27
2019-12-11,-212955.27
2019-12-18,-236660.27
2019-12-25,-234967.27
2020-01-01,-255617.33
2020-01-08,-210585.33
2020-01-15,-229466.33
2020-01-22,-186074.33
2020-01-29,-175123.33
2020-02-01,-175123.42
2020-02-05,-170248.42
2020-02-12,-164398.42
2020-02-19,-163898.42
2020-02-26,-143438.42
2020-03-01,-143438.48
2020-03-04,-194998.48
2020-03-11,-242373.48
2020-03-18,-441943.48
2020-03-25,-352353.48
2020-04-01,-263048.72
2020-04-08,-192749.72
2020-04-15,-181098.72
2020-04-22,-157498.72
2020-04-29,-158200.72
2020-05-01,-158200.77
2020-05-06,-172698.77
2020-05-13,-157352.77
2020-05-20,-157349.77
2020-05-27,-181099.77
2020-06-01,-181100.13
2020-06-03,-211549.13
2020-06-10,-167299.13
2020-06-17,-79052.13
2020-06-24,-70200.13
2020-07-01,-61200.14
2020-07-08,0.86
2020-07-15,-1.1400000000000001
2020-07-22,0.86
2020-07-29,0.86
2020-08-01,0.8
2020-08-05,0.8
2020-08-12,0.8
2020-08-19,0.8
2020-08-26,0.8
2020-09-01,0.77
2020-09-02,0.77
2020-09-09,-1.23
2020-09-16,0.77
2020-09-23,0.77
2020-09-30,-999.23
2020-10-01,-999.15
2020-10-07,-1058.15
2020-10-14,-999.15
2020-10-21,-999.15
2020-10-28,-999.15
2020-11-01,-999.14
2020-11-04,-999.14
2020-11-11,-999.14
2020-11-18,-999.14
2020-11-25,-999.14
2020-12-01,-999.09
2020-12-02,-999.09
2020-12-09,-999.09
2020-12-16,-999.09
2020-12-23,-999.09
2020-12-30,-999.09
2021-01-01,-999.12
2021-01-06,-999.12
2021-01-13,-999.12
2021-01-20,-999.12
2021-01-27,-999.12
2021-02-01,-999.09
2021-02-03,-999.09
2021-02-10,-799.09
2021-02-17,-499.09
2021-02-24,-499.09
2021-03-01,-499.08
2021-03-03,-499.08
2021-03-10,-499.08
2021-03-17,0.92
2021-03-24,0.92
2021-03-31,0.92
2021-04-01,0.91
2021-04-07,0.91
2021-04-14,0.91
2021-04-21,0.91
2021-04-28,0.91
2021-05-01,0.82
2021-05-05,0.82
2021-05-12,-0.18000000000000005
2021-05-19,0.82
2021-05-26,-45.18
2021-06-01,-45.16
2021-06-02,0.84
2021-06-09,0.84
2021-06-16,0.84
2021-06-23,0.84
2021-06-30,0.84
2021-07-01,0.89
2021-07-07,0.89
2021-07-14,0.89
2021-07-21,0.89
2021-07-28,0.89
2021-08-01,1.02
2021-08-04,1.02
2021-08-11,1.02
2021-08-18,1.02
2021-08-25,1.02
2021-09-01,1.15
2021-09-08,1.15
2021-09-15,1.15
2021-09-22,1.15
2021-09-29,1.15
2021-10-01,1.19
2021-10-06,1.19
2021-10-13,1.19
2021-10-20,1.19
2021-10-27,1.19
2021-11-01,1.31
2021-11-03,1.31
2021-11-10,1.31
2021-11-17,1.31
2021-11-24,1.31
2021-12-01,0.48
2021-12-08,0.48
2021-12-15,1.48
2021-12-22,1.48
2021-12-29,1.48
2022-01-01,1.58
2022-01-05,1.58
2022-01-12,0.5800000000000001
2022-01-19,0.5800000000000001
2022-01-26,1.58
2022-02-01,1.54
2022-02-02,1.54
2022-02-09,1.54
2022-02-16,1.54
2022-02-23,1.54
2022-03-01,1.58
2022-03-02,0.5800000000000001
2022-03-09,0.5800000000000001
2022-03-16,0.5800000000000001
2022-03-23,1.58
2022-03-30,0.5800000000000001
2022-04-01,0.75
2022-04-06,-1.25
2022-04-13,0.75
2022-04-20,1.75
2022-04-27,1.75
2022-05-01,1.88
2022-05-04,0.8799999999999999
2022-05-11,1.88
2022-05-18,1.88
2022-05-25,1.88
2022-06-01,2.03
2022-06-08,2.03
2022-06-15,2.03
2022-06-22,2.03
2022-06-29,1.0299999999999998
2022-07-01,1.58
2022-07-06,2.58
2022-07-13,0.5800000000000001
2022-07-20,2.58
2022-07-27,1.58
2022-08-01,1.85
2022-08-03,2.85
2022-08-10,2.85
2022-08-17,2.85
2022-08-24,2.85
2022-08-31,2.85
2022-09-01,3.09
2022-09-07,-1.9100000000000001
2022-09-14,3.09
2022-09-21,3.09
2022-09-28,2.09
